,title,company,location,salary,summary
0,Graduate Program - Associate Data Scientist,RELX Group,London,,"Create data dictionaries, manage complex entity relationships, and assess data quality.Independently run small data exploration and machine learning projects."
1,Data Scientist,NHS Midlands and Lancashire Commissioning Support...,London SE1 6LH,"£24,907 - £30,615 a year",Good knowledge of R. This is essential to manipulate and transform data and perform data science tasks.Having a passion for advancing the use of data and data…
2,Data Scientist,infarm,London WC2N 5DU,,Support other teams to constantly improve our data quality and help deliver high quality data integrated systems.Cloud infrastructure and Cloud ML deployment.
3,Junior Data Scientist,Novafutur,London,,"Being a data scientist would require the ability to analyse big data sets coming from heterogeneous producers both in real time and offline, as well as to apply…"
4,Data Scientist,Lendable,London E1 6JE,,"Research new data sources, advise on costs / benefits of introducing the data into lending decisions.Translate business issues into data issues that facilitate…"
5,Data Scientist,Visa,London,,Mid-level experience solving problems with real-world data.Identify trends in our client work to inform Visa’s data product development path.
6,Data Scientist,Unilever,Kingston upon Thames KT1 2BA,,We are looking for a data scientist who thinks in a clear and organised manner to help us tackle challenging business problems with data and a mathematical…
7,Pricing Data Scientist,Vitality,London EC3V,,"Demonstrable experience working as a pricing analyst or data scientist (or similar).As well as a highly competitive pay package, you’ll enjoy: Free places to…"
8,Data Scientist,Post Office Ltd,London,,Excellent analytical and data interpretation skills.Coach Pricing Analysts on data science techniques.Develop dashboards and data visualisations for various…
9,Data Scientist,Finecast,London,,"Assess the effectiveness of current data sources and data-gathering techniques and improve data collection methods, using APIs and automation."
10,Data Scientist,Vodafone,London,,"Provide deep technical analytical and data expertise to the business and other Data Scientists, using a wide variety of available data, to solve complex…"
11,Data Scientist,NHS England and NHS Improvement,London,"£53,168 - £62,001 a year","It involves working with large national and local NHS and related datasets, manipulating and cleaning data to ensure data quality and integrity for effective…"
12,Principal Data Scientist,Nesta,London,"£46,000 - £57,000 a year","These data scientists will be at the forefront of designing, scoping and delivering data science projects that deliver impact in these areas."
13,Data Scientist,G-Research,London,,"Demonstrable proficiency in statistical data analysis and data visualisation.You will use your knowledge of data blending, statistical analysis, and machine…"
14,Junior Data Scientist Placement,Medialab,London,,Develop automated data processes using Python/R.Ability to organise a variety of large data sets.Strong data manipulation skills and a keen eye for detail.
15,Data Scientist,Deliveroo,London,,"Data scientists at Deliveroo report into our data science management team, and we have a strong, active data science community, with guest lecturers; a robust…"
16,"ALEXANDER MCQUEEN Graduate Trainee, Data Scientist/Engineer",Groupe Kering,London,,"The Graduate Trainee will be working alongside Data Scientists to build data-driven, web-based analytical tools and working on data flow and algorithm…"
17,Higher Statistical Data Scientist - across the GSS,UK Government - Government Statistical Service,London,"£28,996 a year","Knowledge of data processing to support analysis.Access data sources from government systems as well as new material from surveys, social media, and data…"
18,Data Scientist,Global Radio,London,,Knowledge of our main data warehouses and data workflows that we are working with.Passionate about data and knowledge of data visualisation (Tableau experience…
19,Data Scientist - Data Science & AI,Asos.com,London,,Presenting data and insights in new and innovative ways using data visualisation tools and storytelling.Experience accessing and combining data from multiple…
20,Data Scientist,Drax Group,London,,"This will mean using big data and data science, and the rest of your technical data skills and knowledge, to develop and implement appropriate models and…"
21,DATA SCIENTIST,Bangura Solutions,London,,Experience with data analysis and handling sensitive data.Our prestigious clients are currently looking for a proven Data Scientists required to be responsible…
22,Anti-Fraud Bribery and Corruption Data Scientist,Deutsche Bank,London,,"Demonstrated experience in platforms (SAS, R etc) for data mining.Performing proactive risk assessments utilising subject matter expertise, industry trends,…"
23,Data Scientist,Holland & Barrett,London,,You love working closely with data engineers and others in cross-functional teams to develop solutions iteratively.Exploration and ad-hoc preparation.
24,NLP / Natural Language Processing Data Scientist,Expert Employment,London,,"Machine Learning application to NLP / Natural Language Processing problems using NLP to classify English text, learn, process and respond using; Computational…"
25,"Newton, Data Scientist",BNY Mellon,London,,"Providing key input to continued development and research efforts in the area of investment themes, the data scientist will provide analytical expertise and…"
26,Pricing Data Scientist-Private Clients,Munich RE,London,,"Some/moderate experience working as a pricing analyst, data scientist or similar (required).The Pricing Data Scientist will work on innovative pricing…"
27,DATA SCIENTIST - NLP - NATURAL LANGUAGE PROCESSING - FINANCI...,Kite Group,London,"£85,000 - £95,000 a year",Data Scientist is required to join a leading Financial Services organisation to work on the applying data science techniques to their front-office compliance…
28,Data Scientist,Tetra Pak,Windsor,,Solid understanding of data structures and common methods in data transformation.We are embarking on a major transformation to become more data driven and we…
29,Technology Consulting - Data Scientist,EY,London,,"Used a data visualisation technology, like Tableau, Power BI or Qlik.Worked with open source data science libraries and understand how to apply them to various…"
30,Data Scientist - Model Validation,Funding Circle UK,London,,We are looking for a results-driven data scientist to validate the integrity and comprehensiveness of risk models.
31,Data Scientist – Team Lead,SoulTek,London,"£75,000 - £95,000 a year","Job Overview Expiration date: 22nd June 2020 Location: London Job Title: Data Scientist – Team Lead Salary: £75,000 - £95…"
32,Data Scientist - Front Office,Barclays,London E14,,"You will be part of our Investment Banking business, working closely with our Markets revenue generating teams.Proven experience of e-trading development."
33,Data Scientist,EXL,London,,Discussion with the client project managers on business requirement & work with EXL engagement lead to build solutions.
34,Product Data Scientist,Lucid,London,,"The primary areas include but are not limited to trend analyses, data integration, generalization, harmonization, as well as working with different data sources…"
35,SPORTS DATA SCIENTIST,SBTech,London,,Coach and support junior data scientists within the team.Understanding of data science and statistical modelling principles.Bonus based on personal results.
36,Data Scientist,AXA UK,Weybridge KT13 0NY,"£35,000 - £65,000 a year",Contribute to development of current data pipelines.Contribute to the maintenance and deployment of data enrichment repositories.
37,Insights Data Scientist,SoulTek,London,"£45,000 - £60,000 a year","Job Overview Expiration date: 31st July 2020 Location: London Job Title: Insights Data Scientist Salary: £45,000 - £60…"
38,"R Programmer & Data Scientist - Sofia, Bulgaria",IQVIA,London,,Experience in producing data visualisations to communicate analysis results.Develop and document data science methods and algorithms.
39,Data Scientist,Fidel API,London W1F 0TA,,Assess the effectiveness and accuracy of new data sources and data gathering techniques.Present information using data visualization techniques.
40,Data Scientist - London,MOLOCO,London,,Data validation: verifying the first party data we obtain from ad exchange and the third party mobile app tracking solutions so that our campaign models get…
41,Analyst/Junior Data Scientist,Harnham,London,"£40,000 - £45,000 a year",Be responsible for all things data and regularly work with the C-Suite.Desire to tell stories with data and present insights back to board level.
42,Junior Data Scientist - London,Echobox,London,,"Working knowledge of big data architectures, i.e. NoSQL, Hadoop etc.You will assist in the customisation of the product for new customers and trial data…"
43,Data Scientist,Vitality,London EC3V,,Leverage new open data sources and extract further value from existing company data.We’re looking for a data scientist to work on innovative AI applications…
44,Data Scientist,YOOX NET-A-PORTER GROUP,London,,"Work with stakeholders throughout the business to encourage a data-driven approach through the delivery of automated data products and accessible, actionable…"
45,International Analytics Data Scientist,Kraft Heinz Company,London,,"The data scientist will be responsible for understanding business problems, building statistical models/machine learning algorithms and continuously improving…"
46,Data Scientist,Templeton and Partners,London,£450 - £500 a day,"Templeton & Partners is looking for Data Scientist to start on project in London, UK.Rate: 450 - 500 GBP per day."
47,Data Science Internship,King.com,London,,BPU stands for Business Performance Units and they are data driven teams who support the day to day functioning of our titles.
48,Data Scientist,The Institute of Cancer Research,Sutton,"£43,000 a year",National cancer registration and mortality records are obtained by record linkage to NHS data systems.Further material and information has been collected on…
49,"Senior Data Scientist, Operations",Monzo,London,"£49,000 - £80,000 a year","90% of everyday data-driven decisions are covered by self-serve analytics through Looker, which gives data scientists the head space to focus on more impactful…"
50,Data Scientist,NatWest Group,London,,"Experience with data science software, database languages, big data technologies and cloud environments.You'll have experience with Python and Scala based data…"
51,Junior Data Scientist,Nesta,London,"£31,000 - £41,000 a year","These data scientists will be at the forefront of designing, scoping and delivering data science projects that deliver impact in these areas."
52,Data Scientist - Machine Learning,Harnham,London,£500 - £550 a day,"Previous experience working as a Data Scientist in e-commerce is highly valuable as you will be dealing with data sources such as customer data, product data…"
53,Data Scientist,Tripledot Studios,London,,Develop and iterate on cutting-edge data pipelines and data models in production to ensure data integrity and efficiency.
54,"Senior Data Scientist, algorithm development",Expert Employment,London,,Data Scientist required for a hands-on senior role analysing data and developing algorithms that will take real world instrumentation data and apply Machine…
55,Data Scientist,CitizenMe,London,,Develop custom data models and algorithms to apply to data sets.Assess the effectiveness and accuracy of new data sources and data gathering techniques.
56,Commercial Data Scientist,Drax Group,London,,"This will mean using big data and data science, and the rest of your technical data skills and knowledge, to develop and implement appropriate models and…"
57,Privacy Data Scientist,Vodafone,London,,"Work closely with our data governance programme and help manage our core data models, data set mapping and data management tools;"
58,Front End Developer - AM Research Data Science,"JPMorgan Chase Bank, N.A.",London,,"Research Notes provides a platform for the authoring and distribution of internal analyst research reports for company, manager, fund and other qualitative…"
59,Data Scientist,RELX Group,London,,"Establish, maintain, and tune customer risk models leveraging thousands of data points from the ThreatMetrix Digital Identity Network and data feds from our…"
60,Senior Data Scientist,Elder,London,,"Proven experience drawing insights from real-world data sets using SQL and offline analysis tools.Experience using scripting tools like Python, R or similar…"
61,Data Scientist,Marks & Spencer,Paddington,,"Expert in mining large & complex data sets - both structured and unstructured data and including (but not limited to) efficient extraction of data,…"
62,Data Scientist - Farm Heroes Saga,King.com,London,,"Cloud- based big data solutions such as Redshift, BigQuery;Champion data within the team, and share your knowledge with the wider Data Science community."
63,Data Scientist – Food Security and Climate Change,Rothamsted Research,Harpenden AL5 2JQ,"£31,350 - £32,315 a year",This post will contribute to the project through two distinct components: (1) an exploration of Rothamsted long-term datasets to look for hidden interactions…
64,Data Scientist,BGL Group,London,,Innovate and drive improvements to Compare the Market data by identifying opportunities to improve existing data structures and collect new data sources.
65,"Data Scientist Degree Apprenticeship, GSK House (Brentford),...",GSK,Brentford,"£17,000 a year","Extract, combine and manipulate data.Use a range of machine learning and statistical analytical tools and techniques to gain insight into our data."
66,Statistician / Statistical Data Scientist,Rothamsted Research,Harpenden AL5 2JQ,"£31,350 - £32,315 a year","The post-holder will be an applied statistician or statistical data scientist, with training and experience in traditional statistical methods, modern data…"
67,HR Data Scientist,Capgemini,London,,"Our vision is to provide insights that support data-driven decisions by using unique, innovative solutions that elevate our customers from being reactive to…"
68,Data Science Internship,Amazon Dev Centre (London) Ltd,London,,"Experience with big data: processing, filtering, and presenting large quantities (100K to Millions of rows) of data."
69,Data Scientist,Amazon Digital UK Limited,London,,"Experience with data scripting languages (e.g. SQL, Python, R etc.).Excellent verbal/written communication & data presentation skills, including an ability to…"
70,DATA SCIENCE CONSULTANT LONDON,managementsolutions,London,,"You will be working in key projects for leading organizations in data mining & knowledge Discovery, predictive modeling, trend modeling, Simulation models …"
71,Data Scientist,umlaut AG,London,,"Familiarity with data management tools and version control systems like Git.Research, design and implement innovative telecommunication metrics and analytics…"
72,Data Scientist,Dentsu Aegis Network,London,,"Have some experience with Spark, Docker, Kubernetes or any other job scheduling/data pipeline tools;Working on an analytics platform to extract insights from…"
73,Data Scientist (Insights),Cera Care,London EC1A 2BN,,"5+ years of demonstrated ability in a similar data scientist role.You’ll drive your own development, and will be supported in doing so, ensuring steady…"
74,Data Science Intern (Summer 2021),CrowdStrike,London,,Hands on in your approach to understanding data and learning about new fields.Experience in writing Python code to pre-process and analyze data to generate…
75,"Data Scientist, Product",Facebook,London,,"Building key data sets to empower operational and exploratory analysis.Apply your expertise in quantitative analysis, data mining, and the presentation of data…"
76,Senior Statistical Data Scientist - across the GSS,UK Government - Government Statistical Service,London,"£34,090 a year","Additional examples might include supervised / unsupervised machine learning for complex data sets, or Natural Language Processing to structure data for…"
77,Data Scientist,Element Materials Technology,London SW1W 0EN,,"Identify opportunities for improvement through data, and champion the usage of data to derive insights and drive action across the business."
78,"Data Scientist (Contractor) - Python, R, SQL",Harnham,London,£450 - £550 a day,"As a contractor you would be helping the client build analytics tool, working on machine learning and optimisation models and liaising directly on the company's…"
79,Real World Data (RWD) Scientist - Contract - 100% Remote wor...,ADV Talent Partners,London,,Liaising with RWE Methodologists concerning study design and RWD Specialists concerning choice of data source on an as needed basis.
80,"Data Scientist, Causal Inference",Deliveroo,London,,Our team members use technical skills from the whole spectrum of data science: building analytical tools; informing decision making at all levels of the…
81,Data Analytics Intern,G-Research,London,,"Use a range of analytical and statistical techniques to answer questions using data.Use analytical skills and business acumen to source, analyse and visualise…"
82,Data Scientist,BAE Systems Applied Intelligence,London,,"Has awareness of User Centric Design (UCD), data privacy & data security guidelines.Interprets and translates object and data models into appropriate data…"
83,Junior Data Scientist,Neilson Financial Services,Slough,,"You will take project briefs from Head of BI and conduct robust analyses that follow a structured process: data extraction, data validation, data exploration,…"
84,"Senior Data Scientist, Customer Care, Forecasting",Deliveroo,London,,Our team members use technical skills from the whole spectrum of data science: building analytical tools; informing decision making at all levels of the…
85,Graduate- Data Science- London,Expedia Group,London EC1V 1NS,,"; implementation experience of MapReduce techniques, in-memory data processing, etc.You will use and manipulate large data sets to design algorithmic and…"
86,"DATA SCIENTIST, CGM",Chubb,London,,"We are looking for a data scientist to improve all aspects of how we handle, manipulate, analyse and deliver data.Evaluate new and emerging technologies."
87,Data Scientist,Synamedia,Staines-upon-Thames,,A good knowledge of analytics industry trends and data manipulation techniques.Have a passion for using data to tell stories and help customers solve high…
88,Data Scientist,CKM Analytix,London,,Passion for quantitative problem solving and developing data driven solutions to difficult business questions.
89,Data Scientist,Nesta,London,"£38,000 - £50,000 a year","These data scientists will be at the forefront of designing, scoping and delivering data science projects that deliver impact in these areas."
90,Data Scientist,Vyn SmartVideoNotes,London,,"Good knowledge of data structures, data modelling and software architecture.This data is stored, analysed and labelled on the AWS cloud."
91,Data Scientist - Consulting Practice,PA Consulting Group,London,,We are looking for data architects who know how the future data platforms look like and know how they interact with existing legacy clients’ architecture.
92,Grade 7 - Lead Data Scientist,UK Government - Cabinet Office,London,"£54,700 - £60,635 a year","Using your experience and expertise you will have the opportunity to shape and provide technical leadership across the whole data pipeline, from data integrity…"
93,IT Security Data Scientist,"Nomura Holdings, Inc.",London,,"We are looking for someone keen to make an impact by using data to make more intelligent, data driven decisions.Strong data management skills including SQL."
94,Data Scientist,MS Amlin,London,,"This role will support and enhance the growing Hub, providing deep technical understanding of data science tools, techniques and technologies, and guiding…"
95,Senior Data Scientist,dotdigital,Croydon,,See how dotdigital can help you use your data to boost ROI and do more in less time. Watch a 3-minute…
96,Remote Data Scientist / Machine Learning Engineer - Time Ser...,GCS Recruitment Specialists Ltd,London,"£40,000 - £90,000 a year","Experience with working on large data sets and data preprocessing/wrangling.Strong organisational and self-starting skills, happy to work in a team and…"
97,Data Scientist - London,Echobox,London,,"Working knowledge of big data architectures, i.e. NoSQL, Hadoop etc.You will assist in the customisation of the product for new customers and trial data…"
98,Data Scientist – (Brandwatch/Data modelling) – Remote,Salt Recruitment,Greater London,£400 - £600 a day,My exciting new client is looking for a Data scientist with strong data modelling skills and good experience using social media listening tools like Brandwatch.
99,"Senior Data Scientist (Digital), London / Remote",Sanderson Recruitment Plc,London,£550 - £650 a week,Strong experience working across digital channels on customer data.The role will be working directly with senior leadership team running your own projects from…
100,Data Scientist (All Levels),Harnham,London,"£55,000 - £110,000 a year",Work on a range of Machine Learning projects.Build and deploy Machine Learning models to solve commercial challenges.
101,Fixed Income Quant & Data Scientist,"Jefferies & Company, Inc.",London,,"Our ideal candidate is a combination of a financial engineer, quant, data scientist and machine learning engineer."
102,Data Scientist-Credit BOT Analytics,Barclays,London E14,,"You will be part of our Investment Banking business, working closely with our Markets revenue generating teams.Proven experience of e-trading development."
103,Group Head of Data Analytics,Kingfisher Plc,London W2,,"Collaborate with IT, product and data teams to develop the data technology and platforms that allow us to analyse high quality data."
104,Curious Data Scientists,Camden A.I.,London,,"Research and/or development experience in working with large data sets.Experience working with SQL and No-SQL databases, data visualization technologies and…"
105,"Snr Data Scientist (Social Media), Prime Video",Amazon Digital UK Limited,London,,"Able to understand various data structures and common methods in data transformation.Experience with SAS, ETL, data processing, database programming and data…"
106,Senior Data Scientist,Reach,London,,"Experience in data analysis with SQL and Python.Building end-to-end machine learning solutions, as well as driving key strategic insights (you will be a full…"
107,Data Scientist / ML Engineer,Novafutur,London,,Ability to analyse big data sets coming from heterogeneous producers both in real time and offline.Apply complex algorithms producing readable reports using BI…
108,Data Scientist - Applied Science,causaLens,London W12 8EJ,,"Working with a broad range of clients to help them integrate our technology into their workflow over the long term, solving technical and data science issues."
109,Quantum Machine Learning Internship,Cambridge Quantum Computing,London,,Cambridge Quantum Computing limited (CQC) is looking for an intern that will be embedded in its Machine Learning and Quantum Algorithm team.
110,Data Scientist (Outside IR35),Marcus Donald People,Canary Wharf,£500 - £600 a day,"This Data Scientist will have a love for ML and AI and be highly skilled with Python, PyTorch, AWS among other technologies."
111,"Senior Data Scientist, Marketing",Monzo,London,,"Apply your expertise in quantitative analysis, data mining, performance marketing, and data presentation to find ways we can spend our marketing budget more…"
112,"Senior Data Scientist, Product Analytics",Monzo,London,,We work in cross-functional squads where every data scientist is a member of a central data discipline and fully embedded into 1 product squad alongside…
113,Data Scientist,GoCardless,London,,"You have strong technical skills in data manipulation and extraction (strong SQL knowledge), data analysis and model prototyping and productionisation (Python,…"
114,Machine Learning Scientist - Data Science & AI,Asos.com,London,,"Experience accessing and combining data from multiple sources and building data pipelines, including a good knowledge of SQL."
115,"Senior Data Scientist, Financial Crime",Monzo,London,,"Integrate new data sources into our data warehouse.Work closely with financial crime analysts, data scientists and engineers to understand the underlying…"
116,Data Scientist,Harnham,London,"£75,000 - £80,000 a year",A keen interest in problem solving and using scalable machine learning to solve the biggest data-related problems.Experimenting with deep learning algorithms.
117,Junior NLP/Machine Learning Developer,ProWritingAid,London,,"You will implement, evaluate and maintain various Natural Language Processing algorithms.Build datasets for training and evaluation of NLP algorithms."
118,Data Scientist – (Business Consultancy / Analysis),Shift F5,London,,The company are a recently-formed collective of well-regarded Cyber Security thoughtleaders & AI specialists who are developing a unique cloud-based integrated…
119,Data Scientist,Consortia,London,£600 a day,Understand contributing data sources and implement robust transformation pipeline using DBT and Airflow.I am looking for a contract Data Scientist to lead the…
120,Data Science Degree Apprenticeship Programme 2021 – London,Amey plc,London,,"Contribute to delivering data insights through reports, real-time dashboards and intuitive data visualizations.Data Science Degree Apprenticeship Programme."
121,"Senior Data Scientist, On-Demand Convenience",Deliveroo,London,,Our team members use technical skills from the whole spectrum of data science: building analytical tools; informing decision making at all levels of the…
122,Lead Data Scientist,Zühlke,London,,You will work within our cross-functional teams to create business value based on the investment in data.You will manage the development of machine learning…
123,Data Scientist,New Signature,London,,Create pipelines for data cleaning and transformation based on data insights.Get insights from data providing automated descriptive statistics reports.
124,Data Scientist,GroupM,London,,Investigate and apply innovative data science techniques to real business problems.Drive innovation by developing new applications of data science to our…
125,Data Scientist - FaaS Live Panel,GroupM Data & Technology,London,,"Experience analyzing large volumes of data.Exploratory data analysis, hypothesis testing, data preparation, and product prototyping based on modern statistical…"
126,DATA SCIENTIST | VERV | LONDON OR SHEFFIELD,Austin Consultants,London,"£55,000 - £65,000 a year","Experience with data pipeline technologies such as airflow.Work within a team of Data Scientists, Software Engineers and Data Engineers."
127,Senior Data Scientist,Wood Plc,Staines-upon-Thames,,"Bachelor’s or post-graduate degree in data science, statistics or related quantitative field or chemical engineering with strong data science skills."
128,Data Science Intern,Liquidnet,London,,A good candidate will conduct themselves professionally and enjoy interacting with other professional quants and data scientists.
129,Data Scientist - Digital Analytics (6m Contract),KANTAR,London,,Experience working with data presentation and dashboarding solutions.At least some professional experience in a data science/analyst role.
130,Senior Data Scientist,Badoo App,London,,"Collaborate with internal business stakeholders, data scientists and engineers in order to identify improvement opportunities from an AI perspective."
131,Data Scientist,Harnham US,London,"£40,000 - £55,000 a year","Transform processes globally, building data infrastructure and analytics platforms to aid all data driven teams.Proficient in Python and SQL."
132,Data Science and Analytics Specialist,Hogan Lovells,London,,Contribute towards the firms overall data strategy.Analyse and interpret large volumes of data to show trends and create recommendations.
133,Intern/Working Student Data Science / Business Analytics Con...,Celonis SE,London,,... have already gained substantial know-how in Business Intelligence and data analytics.You extract and transform customers’ data and design process- and…
134,VP - Data Scientist - (Innovation Lab) - London,Citi,London,,Assess data availability and data quality.At least 2 years of experience as a data scientist.The data scientist will take part in the implementation of new…
135,Data Engineer (Pentaho) - (Data & Analytics Services area) -...,83DATA,London SW1A,"£50,000 - £70,000 a year",2 + years' experience as a Data and or Software Engineer delivering within large scale and complex big data' and data analytics solutions.
136,Data Scientist,Venturi,London,"£90,000 a year","As a data scientist ( Python / R / SQL ) you will be expected to be able to select features, building and optimizing models using statistical analysis for…"
137,Intern/Working Student Data Science / Business Analytics Con...,Celonis,London,,... have already gained substantial know-how in Business Intelligence and data analytics.You extract and transform customers' data and design process- and…
138,Data Scientist - OVO Smart Home,OVO External,London,,"Using appropriate data visualisations to tell a story with data.Experience building data pipelines using Airflow.Fluency in SQL, Python and Github."
139,Data Scientist,BMT Group,London,,"Experience of and/or interest in Machine Learning, data science, statistical data analysis and data visualisation."
140,Advanced Data Insights Analyst I (Product Analytics),Expedia Group,London EC1V 4EX,,"Apply your expertise in quantitative analysis, data mining and storytelling with a religious focus on impactful analytics."
141,Senior Data Scientist - People Recommendations,Bumble,London,,Strong knowledge in additional areas of data science such as computer vision and NLP.Have an interest in contributing to the data science community both…
142,Senior Data Scientist,Spot Intelligence,London EC2A,,"Help build the platform by designing and productising machine learning models.Adhere to good coding practices, use git and use test driven development."
143,Machine Learning Engineer - Search and Recommendations,Twitter,London,,Experience with offline and online data processing frameworks.Knowledgeable of core CS concepts such as common data structures and algorithms.
144,Principal Advisers - Data Science / Data Analyst,Natural England,East London,"£43,322 a year","Locate and mobilise relevant data sets to support Natural England delivery needs, promote accessibility of our evidence, and ensure good management of data."
145,Senior Data Scientist - Online Media,Harnham,London,"£50,000 - £60,000 a year",Proven commercial experience working as a data scientist/ machine learning engineer.Experience working with an online data science product.
146,PowerBI Developer and Data Scientist - Hedge Fund - London,Prism Digital,London,"£50,000 - £200,000 a year",It would work well if you have Python or Java experience with Apache stack data engineering tools for real time data streaming from Kafka to Flink.
147,Data Scientist,Nicholson Glover Consulting,London,,"At least 1 years’ experience with data manipulation and ML.You will use data mining, statistical techniques, and machine learning to create solutions for…"
148,Data Scientist - NLP,Harnham,London,"£65,000 - £70,000 a year","Work on a range of NLP topics to help understand social media data, and sentiment of users.Harnham are currently working with a start-up in London who are…"
149,"Capital, Control and Operations Big Data Architect",Deutsche Bank,London,,"Knowledge of big data analytics, data science, Artificial Intelligence/ Machine Learning is beneficial.Capital, Control and Operations (CCO) is transforming…"
150,Freelance Associate Instructor - Data Science,Learning Tree International,London,£450 a day,= Experience in formulation & evaluation good data science questionsfrom a business perspective.= Introduction to Decision Analysis.
151,Machine Learning Engineer,"JPMorgan Chase Bank, N.A.",London,,"Advanced knowledge of application data, Machine Learning or Artificial Intelligence (ML/AI).BS/BA degree or equivalent experience."
152,Data Science Internship,G-Research,London,,"Demonstrable proficiency in statistical data analysis and data visualisation.You will use your knowledge of data blending, statistical analysis, and machine…"
153,Senior Data Scientist,Currencycloud,London,,"Matillion for our data modelling and warehousing.Is excited about exploring data, making discoveries and understanding their implications."
154,Data Scientist III,Expedia Group,London EC1V 4EX,,"Good data manipulation skills required including cleaning and managing data;Real world experience with Internet scale data on Spark, Hadoop or similar platform…"
155,Data Scientist,Talent International,London,,"Hands on experience leading large-scale global database, data warehousing and analytics projects.Deep understanding of data, application, server, and network…"
156,ESG Product Innovation: Data Scientist,S&P Global,London,,Together we iterate and discover tactical solutions to a Product Brief that can support a product release to customers and at the same time make subsequent…
157,Senior Data Scientist,Harnham,London,"£70,000 - £90,000 a year","You will be the working in the supply chain team, using ML to innovate and optimize their processes and reduce waste."
158,Junior Machine Learning Engineer - London,Echobox,London,,"Working knowledge of big data architectures, i.e. NoSQL, Hadoop etc.You will assist in the customisation of the product for new customers and trial data…"
159,Senior Data Scientist,Bumble,London,,"Collaborate with internal business stakeholders, data scientists and engineers in order to identify improvement opportunities from an AI perspective."
160,Statistical Data Scientist - across the GSS,UK Government - Government Statistical Service,London,"£22,544 a year","An understanding or experience of data preparation.Access data sources from government systems as well as new material from surveys, social media, and data…"
161,Natural Language Processing (NLP),Digital insight,London,,"This is a developer role and you would have some prior experience in developing systems round Information extraction (entity & relationship), entity resolution,…"
162,"Visiting Scientist, Core Data Science",Facebook,London,,"Experience doing empirical research using data analysis tools such as R or Python, with packages such as NumPy, SciPy, pandas, scikit-learn, tidyverse etc."
163,Senior Data Scientist,LEGO,London,,"Experience in completing data science projects from end to end.Wrangling, and ensure quality and accuracy of input data into models."
164,Data Scientist,Wade Macdonald,London,"£60,000 - £80,000 a year","Experience in leading and developing junior data scientist.You will join the business as part of the senior leadership team, being the lead data scientist."
165,"Consultant, Data Scientist, Ventures, Tax, London",Deloitte,London,,"You will be responsible for applying data mining techniques, undertaking statistical analysis, deploying cutting edge machine learning tools and techniques and…"
166,Senior Geospatial Data Scientist,BuroHappold Engineering,London,,Taking the lead on the development of data science related projects and analytics products with underlying spatial data to develop our new urban analytics…
167,Data Scientist,Blue Pelican,London,"£60,000 - £65,000 a year","Strong Python programming experience - data manipulation, preparation and processing of data, feature engineering, modelling and using all the regular libraries…"
168,Data Scientist,Austin Fraser,Slough,"£45,000 - £55,000 a year",Solid understanding of data structures and common methods in data transformation.Work with large internal operational data-sets and leverage on external data…
169,Audience Measurement - Senior Data Scientist,Ipsos,London,,"Developing machine learning models with senior data scientist guidance.Manipulating data and data processing in R, Python, SQL and Google Cloud Platform."
170,Quantum Machine Learning Scientist,Cambridge Quantum Computing,London,,"For example, parameterized quantum circuits (PQC) can be trained to perform tasks such as classification, regression, and generative modelling (see our recent…"
171,Senior Data Scientist,Blue Pelican,London,"£60,000 - £65,000 a year","A background in data science; (possibly) data engineering, (definitely) machine learning and AI, ideally within a marketing environment."
172,Senior Data Scientist,"Fiserv, Inc.",Basildon,,Assess the effectiveness of data sources and data-gathering techniques and improve data collection methods.Business lead for data driven projects to build EMEA…
173,Data Scientist,Heat Recruitment,London,£350 - £450 a day,"Experience defining and delivering innovative, data-driven solutions on large or complex data sets including identifying and gathering disparate data, extensive…"
174,Programmatic Data Scientist,Aspire,West End,,"If you are working in the programmatic space and have an enthusiasm to use data to make things better, faster or stronger, I want to hear from you!"
175,"Data Scientist - Python, SQL - Fully remote",Sanderson Recruitment Plc,London,£400 - £500 a week,Feature engineering / data wrangling using SQL and or python.Medical / Hospital/ Patient experience and knowledge of data.
176,"Consultant/Senior Consultant, Banking Data Analytics, Consul...",Deloitte,London,,"Application of big data tools (e.g. Hadoop), advanced SQL and data manipulation and cleansing techniques.(ii) Advanced proficiency in quantitative analysis,…"
177,Senior Data Scientist / ML Engineer,Novafutur,London,,Our data scientist should be very good at working and communicating within an existing team and collaborating on a daily basis.
178,Data Scientist,Colt Technology Services,London,,Understanding of the interaction of alternate technologies with incumbent technology (looking for industry / technology awareness).
179,ML Scientist,Amazon EU SARL (UK Branch),London,,Proficient with using scripting language such as Python and data manipulation/analysis libraries such as Scikit-learn and Pandas for analyzing and modeling data…
180,Data Engineer | PM Analytics,Liquidnet,London,,The data engineering team works to develop and deploy our data science models efficiently and at scale.We leverage cloud technologies to streamline deployment…
181,"Data Scientist (NLP, Recommendation Systems)",Understanding Recruitment,London,"£85,000 - £95,000 a year","As a Data Scientist, you will need to have experience working with Recommendation Devices / Systems and be comfortable working with an agile team."
182,Data Scientist – Insurance,Lawes Group,London,"£40,000 - £45,000 a year",This Data Scientist needs to bring enthusiasm to the role – they will be looking at improving adoption of data and analytics throughout the organisation and…
183,Data Scientist,Datatech Analytics,London,,"Proficient writing SQL and combining data from multiple sources, ideally in an ecommerce environment.Great Investment and focus on optimising the customer…"
184,"Software Engineer, Machine Learning",Thread,London,,"Apply If this role sounds exciting to you, please apply below. If you’re unsure, please still get in touch—we welcome applicants from different backgrounds…"
185,AI/ML Engineer,GSK,London,,"They should be an outstanding scientist with in-depth knowledge in modern machine learning.Experience with biological data (e.g., genomics, transcriptomics,…"
186,Lead Data Scientist,Kainos,London,,"Significant experience in cleansing, filtering and re-factoring complex data from different sources (including non-traditional data sources)."
187,Data Engineer Senior Associate - Artificial Intelligence tea...,PwC,London,,Designing and building data pipelines to support data science projects.Delivery of solutions through the entire lifecycle from data sourcing to results.
188,Senior Data Scientist,GfK,London,,"Proven experience in senior data science/quantitative data analysis or related areas.Be part of a cross-functional development team, providing guidance and…"
189,Data Science Intern,Echobox,London,,"Lead the entire life-cycle of a cutting edge AI/ML project.Create and execute a presentation for your project, to be delivered in front of the tech team."
190,Senior Data Scientist,Funding Circle UK,London,,"Utilising the most innovative data sources and modelling techniques.Demonstrable experience in a decision scientist or modeller role, ideally from a company…"
191,Data Scientist,Aspire,London,,"If you are working in the programmatic space and have the enthusiasm to use data to make things better, faster and stronger, I want to hear from you!"
192,Data Scientist Intern,RELX Group,London,,"We will help you to establish, maintain, and tune customer risk models leveraging thousands of data points from the ThreatMetrix Digital Identity Network and…"
193,Data Scientist,Harrison Holgate,London,"£50,000 a year",Use data mining techniques to clean claims data and messages and extract key info that both actuarial and claims would find useful.
194,Applied Machine Learning Researcher (London),Seldon,London,,Within our Data Science team we work on distilling and conducting research to enable trust in production machine learning systems.
195,Principal Data Scientist,Harnham,London,"£80,000 - £130,000 a year",They've created a brand new role for an experienced Senior or Lead Data Scientist to be the technical lead for their Supply Chain area of the business so if you…
196,Senior Health Data Scientist,Marie Stopes International,London,,International | Technical Services Department.
197,Data Scientist - Credit/ Lending,Harnham,London,"£60,000 - £75,000 a year","Apply Machine Learning and Decision Science techniques to big financial data-sets to build conclusions on consumers.Up to £80,000 salary."
198,Data Scientist - Machine Learning (Python/SQL),Linux Recruit,London,"£70,000 - £100,000 a year","You will be involved in the full lifetime of their data products responsible for analysis of data to inform strategic business decisions, designing and building…"
199,Machine Learning Scientist (London),GreySpark Partners,London,,Supervising the data acquisition process if more data is needed.Ability to understand various data structures and common methods in data transformation.
200,Outside IR35 | Data Scientist | AI | Python | Contract | Lon...,GCS Recruitment Specialists Ltd,London,£550 - £600 a day,Outside IR35 | Data Scientist | AI | Deep Learning | Python | Pytorch | Computer Vision | Tensorflow | Contract | London.
201,Product Data Scientist,Harnham,London,"£45,000 - £55,000 a year",You will receive the opportunity to perform deep-dive advanced analytics using R or Python to predict customer behaviour through their innovative platform and…
202,Senior Data Science Engineer (x3 positions),Lloyds Banking Group,London,"£58,941 - £65,490 a year",You will develop Machine Learning systems in Python alongside our Data Engineers (who build the data pipelines and ensure quality) and in close collaboration…
203,"Data Science Analyst, Ascential Marketing Division",Ascential,London,,Provide subject matter expertise on data science to the wider business.Collaborate with other Data Science teams across the Ascential Group to share best…
204,Senior Data Scientist,Kainos,London,,"Senior Data Scientists apply their skills in quantitative analysis, data mining, machine learning and data presentation (storytelling) to see beyond the numbers…"
205,Machine Learning Engineer,Tokio Marine Kiln,London EC3M,,This role includes responsibility for; Building and maintaining data pipelines to support machine learning and pricing models; Prototyping infrastructure in…
206,Technologist - Artificial Intelligence + Machine Learning,Digital Catapult,London,,"Comfortable with data driven libraries such as pandas, numpy and scipy.Broad and hands-on experience with key technologies in machine learning, deep learning,…"
207,Data Scientist | Computer Vision | OpenCV | Permanent,GCS Recruitment Specialists Ltd,London,"£50,000 - £65,000 a year",A solid background acting as a data scientist.GCS are looking for a data scientist who has experience with computer vision projects to join on a project…
208,Senior Data Scientist,Direct Line Group,Bromley,,Demonstrate and lead the “art of the possible” showcasing new capabilities and driving innovation within the immediate data science team and wider data science…
209,"AI/ML- Machine Learning Internship (NLP), Siri Knowledge",Apple,London,,"Research experience in natural language processing, machine learning, or artificial intelligence;Good publication track records and history of creativity and…"
210,Machine Learning Product Owner - Data Science & AI,Asos.com,London,,"Collaborate with machine learning scientists, engineers and architects to translate business problems into machine learning problems."
211,Data & Analytics Consultant (m/f/d),Artefact,London,,"Optionally, knowledge of data processing and data modeling algorithms and techniques.A minimum of 1 year of work experience in a data-driven working…"
212,Data Engineering & Analytics,STEM Graduates,London,"£32,000 a year",Created a data analytics database for computational chemistry as part of a wider data infrastructure for augmented drug discovery.
213,Data Scientist,ECS,London,,Knowledge of machine learning and data mining techniques.Devise solutions to client business problems that leverage data driven analytical techniques.
214,Data Scientist,H&R Talent,London,"£55,000 - £65,000 a year",Building tools to automate data collection.Experience with common data science toolkits.Knowledge in developing software and data models.
215,Group Head of Data Science,Kingfisher Plc,London W2,,"Establish and lead a centre of excellence for data science, building strong collaborative relationships with local data scientists/analysts and supporting the…"
216,Senior Data Science Manager x2,Lloyds Banking Group,London,"£76,050 - £101,400 a year","Experience managing data science teams.Experience implementing and supporting Machine Learning systems including automating data validation, model training,…"
217,Sr. Data Scientist - ML Labs,AWS EMEA SARL (UK Branch),London,,Strong communication and data presentation skills.Analyze and extract relevant information from large amounts of historical data to help automate and optimize…
218,Data Scientist,Blue Legal,London,"£40,000 - £55,000 a year",Proven experience as a data scientist.Familiarity with cloud-based data science and machine learning services and APIs (e.g. Microsoft Azure).
219,"Senior Data Scientist, Advanced Analytics",IHS Markit,London EC2Y,,"Develop models, algorithms and data pipelines that leverage wealth of IHS Markit data to provide actionable insights to clients."
220,Data Scientist,Nationwide People Limited,London,,To develop and use of companies data infrastructure for analysis of business and security data.Demonstrable experience in data science project (preferably in…
221,Data Scientist,GCS Recruitment Specialists Ltd,London,£300 - £325 a day,"Experience working with big data.Experience working with data visualization software (Tableua or similar).My Client is seeking a technically literate, highly…"
222,Data Scientist - Clinical Supply Chain,GSK,Ware SG12 0DP,,Manage automated data extractions and intermediate transformation platforms.>3 years experience with data transformation tools.
223,Data Scientist - Banking experience - 12-month FTC,The JM Group,London,"£65,000 - £80,000 a year","For this role you must have solid SQL and programming skills in Python / R; knowledge and working experience of Hadoop, coupled with Software Engineering and…"
224,Data Scientist | Python | Tensorflow | Deep Learning | Contr...,GCS Recruitment Specialists Ltd,London,£500 - £550 a day,GCS are looking for a senior data scientist to join on a 6 month rolling contract with a specialist AI consultancy based in central London.
225,Senior Data Scientist,The Trade Desk,London,,"You are a broadly skilled data scientist with experience embedding models into always-on production systems, working across a variety of technologies and data…"
226,"Data & Analytics Manager, Health Industries",PwC,London,,As an experienced data scientist you will have a proven track record in supporting NHS organisations to solve data and analytics problems.
227,Business Analyst – Fundamental Data and Data Science,Argus Media,London,,Good knowledge of Excel for data manipulation.Experience as a Business Analyst in a software delivery data focussed role.
228,Senior Data Scientist,Consortia,London,"£85,000 a year",Several years of commercial experience using large data sets.You will be hands on in developing and leveraging data-driven frameworks for measurement at one of…
229,Senior Data Scientist,Expedia Group,London EC1V 4EX,,You will contribute to Hotels.com’s & Expedia Group's wider data science efforts – an area of major focus for the company.
230,Data Scientist / Machine Learning Engineer,Blue Pelican,London,"£50,000 - £65,000 a year","A strong background in data science techniques as well as coding using Python.Working closely with the CTO, you will deliver data science solutions and…"
231,Statistician,The Economist Newspaper Limited,London E14,,Basic knowledge of querying data using SQL would be preferable.Prior experience in the domain of macro-economic or financial data would be an advantage.
232,Quantitative Researcher (Data Science/Machine Learning/Mathe...,G-Research,London,,"We pair this expertise with machine learning, big data, and some of the most advanced technology available to predict movements in financial markets."
233,Lead Data Scientist - Digital,CAPCO,London,,"Experience with data visualisation tools (Tableau, QlikView etc).Clean, manage, and structure data from disparate sources.DevOps experience (Git, CI etc)."
234,Lead Data Scientist,Consortia,London,"£65,000 - £75,000 a year","You will hit the ground running in a successful Data Science function, supported with the infrastructure and resources to produce the best solutions."
235,Senior Behavioural Data Scientist,Swiss Re,London,,"You will receive a wealth of experience as a data scientist in a large corporate organisation, with close mentoring and training opportunities."
236,Head of Data Analytics,Agile Recruit,London,"£100,000 a year","Ability to visualize complex data.You will be required to understand my client's complex big data set and create new insights into end-user behavior, data…"
237,Head of Data Science,Harnham,London,"£100,000 - £120,000 a year","£120,000 Salary + Bonus + Benefits.Major UK B2B Bank looking for a Head of Data Science, you will be leading up the Data Science function of the company in a…"
238,Data Scientist - Gaming/ Betting,Harnham,London,"£50,000 - £80,000 a year",Extensive previous commercial experience as a data scientist/ machine learning engineer.Utilising large amounts of digital betting data to maximise revenue.
239,Head of Decision and Data Science,Harnham,London,"£120,000 a year",Extensive experience of data management in a customer driven market.Looking for a Head of Data Science to help build out a Data Science function in a growing…
240,Senior Data Scientist (FTC),Harnham,London,"£55,000 - £65,000 a year","Senior Data Scientist - Fixed Term Contract (5 months).Up to £65,000 Salary (Pro Rata).Major UK Brand looking for a Senior Data Scientist for a 5 - 6 month…"
241,Data Analytics Assistant Manager,Grant Thornton,London,,"This can include data analytics, data science, data strategy or data governance disciplines.Develop and build data and technology solutions/service offering…"
242,Data Scientist - Simulations Chapter,GroupM Data & Technology,London,,"Experience analysing large volumes of data and panel-based data.Exploratory data analysis, hypothesis testing, data preparation, and product prototyping based…"
243,Data Scientist - Manager - UKI Assurance - Forensic Data Ana...,Ernst & Young,London,,"Carry out reactive and proactive data analysis of large structured and unstructured datasets, from a variety of data sources.Ideally, you’ll also have."
244,Data Scientist - Contract,GCS Recruitment Specialists Ltd,London,£400 - £450 a day,"Initially the role will be home based however once the current situation with COVID 19 allows, it will then be based from their London offices."
245,Senior Data Scientist,Lloyd's Register Group,London,,Able to define and supervise work of other data scientists (internal and external).Lead best practices in data science and transfer knowledge to non-data…
246,Genomics Data Scientist,Paramount Recruitment Ltd,London,,Proven understanding of clinical and phenotypic data management and the sensitivities surrounding patient cohort data.
247,Senior Data Scientist,Avanade,London,,"Understanding of data science methodologies and the processes data scientists follow in problem solving.Experience in data analytics, BI, data warehousing,…"
248,"Consultant, Geospatial Analytics, Consulting, London",Deloitte,London,,"Experience with business intelligence, analytics, data, databases and predictive modelling.Project delivery specialising in spatial analytics & data science …"
249,Lead Data Scientist,Zebra People,London,"£100,000 a year","SQL – you won’t be afraid of analysing real world, messy data.Three years into their journey, this company are looking to change the face of beauty sales…"
250,Principal Machine Learning Consultant,Harnham,London,"£90,000 - £120,000 a year","As a Principal ML Consultant, you will be teaching and training a class of strong graduate consultant on Machine Learning, leading client engagements and…"
251,Senior Data Scientist,ADLIB,London,"£60,000 - £80,000 a year",Full-stack data science experience.Make a big impact on the data landscape.You will be one of the first hires into this new team who will work with their…
252,Data Scientist - R& Python,Metrica Recruitment,West London,"£35,000 - £40,000 a year","As a data scientist, you will be responsible for utilising the most cutting edge data techniques to deliver bespoke solutions to both internal stakeholders and…"
253,Internship in Natural Language Processing (NLP),G-Research,London,,"An interest in applying data science, machine learning and optimisation techniques to real-world problems.10 week summer programme (July to September 2021)."
254,Data Scientist/ Senior Data Scientist,Harnham,London,"£50,000 - £90,000 a year","£50,000 - £90,000 (dependent on level).Apply Machine Learning techniques to big datasets to build commercial insights.Strong programming skills in Python."
255,Data Scientist,Opus Recruitment Solutions,London,,"Experience with data pipeline technologies (i.e Airflow).Working within a team of Data Scientists, Software Engineers and Data Engineers, the successful…"
256,"Senior Data Scientist, Marketing",Deliveroo,London,,Our team members use technical skills from the whole spectrum of data science: building analytical tools; informing decision making at all levels of the…
257,"Technical Sourcer, Data Science",Deliveroo,London,,"We’re offering permanent and contract roles based in the UK or remote across Europe where we have a local presence (Ireland, France, Spain, Poland and the…"
258,"Head of Data & Analytics Platforms - Relocation to Doha, Qat...",EPAM Systems,London,,Experience with big data architectures and data modelling to efficiently process large volumes of data.The plan should deliver a highly scalable data lake…
259,Data Scientist Champion,Aspire Resourcing,London,,Possess considerable experience working as a data scientist.Proficient with SQL and NoSQL data bases.Data Scientist required with expert knowledge of data…
260,Machine Learning Engineer,IG Group,London,,"Build data pipelines to move and transform large volumes of data.Building real time data processing applications.Able to write clean, testable Python code."
261,"Manager, Banking Data Analytics Consulting, London",Deloitte,London,,"Application of big data tools (e.g. Hadoop), advanced SQL and data manipulation and cleansing techniques.(ii) Advanced proficiency in quantitative analysis,…"
262,Applied Scientist - Information Retrieval and Natural Langua...,Evi Technologies Limited,London,,"Strong publication record at top academic conferences such as NeurIPS, ICML, AISTATS, ICLR, KDD, CCS, PETS, etc."
263,Graduate Machine Learning Engineer,Oho Group,London,"£35,000 - £40,000 a year",The successful candidate will be working across programming languages and technologies on pioneering projects in their space.
264,"Data Scientist, Economist",Deliveroo,London,,"Data scientists at Deliveroo report into our data science management team, and we have a strong, active data science community, with guest lecturers; a robust…"
265,Analytics Engineer,Pollinate International Ltd.,London,"£30,000 - £40,000 a year",Automating data science and engineering processes.Building data science & analytics products at scale across regions.
266,"Core Data Science, PhD Intern (London 2021)",Facebook,London,,"Think creatively, proactively, and futuristically to identify new opportunities within Facebook's long term roadmap for data-scientific contributions."
267,Internship in Machine Learning,G-Research,London,,We will also consider exceptional candidates with a proven record of success in online data science competitions (e.g. Kaggle).
268,"Data Science Manager, London",Facebook,London,,Recruit and develop teams of experienced data scientists.Extract useful product insights from large data sets.
269,"Head of Data Science, Financial Crime",Monzo,London,,Set the data strategy for financial crime data - from working with engineers on ensuring that we capture the right data to building predictive models that help…
270,Head of Data Science,Consortia,London,"£90,000 - £115,000 a year","Experience working with marketing and engagement data i.e. behavioural data, digital interactions.This start-up is already turning a profit with a solid…"
271,Senior Data Scientist,Eames Consulting,London,"£70,000 a year","Experience with geographic modelling or processing of geo-data.This is a greenfield initiative in a business unit which offers a start-up feel, with the…"
272,Analyst - Customer Loyalty Analytics,Sainsbury’s DTD,London,,At least 2 years’ experience in an analytical role (analyst or data scientist).Able to have effective technical conversations and pair with data engineers to…
273,Senior Data Scientist - Marketing / Growth,Cuvva,London,"£60,000 a year","Own the build out of Cuvva’s marketing data analysis stack including data pipeline, tagging and attribution modelling.Head of Data & Pricing Analytics."
274,Lead Data Scientist,Harnham,London,"£60,000 - £80,000 a year","You will be the first hire in the London Data Science team, building Machine Learning models to assist their sports-book and other betting platforms as well as…"
275,Head of Data Science - London - Creative,GCS Recruitment Specialists Ltd,London,"£100,000 - £140,000 a year",You will ideally have experience understanding client/brand behaviour through data and be able to suggest the best solutions for clients based on this data.
276,SENIOR DATA SCIENTIST,DataSpartan Consulting,London EC2V 7RS,,"Knowledge of statistics, machine learning and data analytics techniques.You will bring an exceptional academic background in a technical field combined with…"
277,Deputy Director - Data Science and Digital Services,UK Government - Institute for Apprenticeships and...,London,"£71,000 a year","Experience or knowledge of technical education data, policy and strategy.This will include economic evaluation and analysis, policy research, data science,…"
278,DATA SCIENTIST,DataSpartan Consulting,London EC2V 7RS,,"Collaborate with our data analysts to map data fields to hypotheses and curate, wrangle, and prepare data for use in their advanced analytical models."
279,Senior Data Scientist,Refinitiv,London,,"Working with large, diverse data sets using big data and public cloud technology.Ability to track down complex data quality and data integration issues,…"
280,"Head of Data, Data Science + Engineering",Trainline,London,,"Our Data Engineers are responsible for our real time data processing platform, which processes billions of rows a day into our Data Lake and hosts a number of…"
281,Research Data Scientist,Metrica Recruitment,London,"£50,000 - £60,000 a year","You will be involved in the data-mining, machine learning and graph analysis techniques for a variety of modelling problems involving customers, their…"
282,Data Scientist,Michael Page UK,London,£300 - £400 a day,"A track record of working with data analysis and handling sensitive data.Work closely with Product Owners to define and prioritise business problems, and then…"
283,"Research Scientist, Natural Language Processing (PhD)",Facebook,London,,"Our research spans multiple areas across NLP and machine learning, including deep learning/neural networks, machine translation, natural language understanding…"
284,Data and Analytics Specialist,Harnham,London,"£55,000 - £60,000 a year","Working with stakeholders/clients and data consumers to gather requirements.They are a well-renowned and global business with hundreds of consultants, but are…"
285,Principal Data and Analytics Strategy Consultant,AWS EMEA SARL (UK Branch),London,,"12+ years of related experience in data management and data architecture.Experience managing data operations, cloud computing, data strategy, data governance,…"
286,"PhD Student, London (AI)",Facebook,London,,Devise data-driven models of human behaviour.Perform research that improves computational understanding and representing of data.
287,Applied Scientist,Yelp,London,,"Experience with data analysis/statistical software and packages (pandas/statsmodels/sklearn within Python, R, etc.)."
288,Apple Media Products (AMP)- Big Data Engineer - Core Marketi...,Apple,London,,"We are looking for a data engineer who can partner with our marketing teams, business, data scientists & engineering to deliver data engineering solutions to…"
289,Senior Data Scientist,Notonthehighstreet.com,Richmond,,"The data science team has several stakeholders, and we need to ensure that new work is identified early and managed efficiently."
290,AI/ML Engineer - Knowledge Graph,GSK,Brentford,,"Our focus is on bringing data, analytics & science together into solutions for our scientists to develop medicines for patients."
291,Bioinformatics Data Scientist,Paramount Recruitment Ltd,London,,"A PhD in a quantitative discipline such as Statistical Genetics, Mathematics, Physics or similar or equivalent work experience -Familiar with a wide range…"
292,Data Scientist - Machine Learning,Metrica Recruitment,West London,"£50,000 - £55,000 a year",An experienced data scientist with the ability to interpret large data sets to generate actionable insight.Your work will range from optimising the warehouse…
293,Data Scientist - Consultancy,Metrica Recruitment,London,"£40,000 - £50,000 a year",Highly advantageous to have used Python or R as well as cloud computing platforms and big data tools.Over 18 months years of experience in operational research…
294,Machine Learning Engineer (Contract),Harnham,London,£500 - £600 a day,We are looking for experienced contractors that have a deep understanding of Data Science and Machine Learning and are able to communicate at all levels.
295,Data Science Python Engineer,Oleeo,Wimbledon,,Expanding and optimizing data and data pipeline architecture as well as optimizing how data flows through the system.
296,Machine Learning Engineer - AdTech,Harnham,London,"£55,000 - £65,000 a year",You will build data and models pipelines both offline and in real-time.The role of Machine Learning Engineer involves using their large data-sets to build and…
297,Senior Data Scientist - eCommerce,Harnham,London,"£60,000 - £70,000 a year",The role of Senior Data Scientist will sit in the data science team that focuses on lending and credit risk.There are different data science teams which focus…
298,Senior Data Scientist,Metrica Recruitment,North London,"£65,000 - £70,000 a year",Experience conducting analysis on large data sets and providing rigorous interpretations of the results.You will work on projects in all the areas touched by…
299,"Data Scientist Degree Apprenticeship, Ware, 2021",GSK,Ware SG12 0DJ,"£17,000 a year",Conducting a range of analytical studies on data.Developing a good understanding of data structures and database systems.
300,Machine Learning Engineer,Deliveroo,London,,"You will be working in a cross-functional team alongside engineers, data scientists specialized in analytics and inference, and product managers to develop…"
301,Lead Data Scientist,Datatech Analytics,London,"£97,000 a year",Use analytics to uncover insights from engineered data sets.A strong commercial background within a hands on data science position.
302,Data Scientist,Cloister Resourcing,London,,Using statistical computer languages (python and R) to manipulate data and draw insights from large data sets.
303,NLP/Speech Research Scientist- London,BeyondMinds,London,,"Ph.D. in Computer Science, Electrical Engineering or a related technical field, with research focused on NLP/Speech.Experience with PyTorch and/or TensorFlow."
304,Senior Data & Analytics Developer,Austin Fraser,London,"£60,000 - £75,000 a year","Excellent Knowledge of data & analytics.Strong understanding of data science, machine learning, AI, and predictive/statistical modelling."
305,Senior Data Scientist – London,kdr Recruitment,London,"£75,000 - £90,000 a year","My client is looking for an experienced Data Scientist @ Senior level, to help build & design new data applications & implement frameworks."
306,Senior Data Scientist,Datatech Analytics,London,"£75,000 a year",Help coach data scientists and upskilling business analysts.Possess considerable experience working as a data scientist.Commercial experience of 3-5 years.
307,Analytics Engineer,Cera Care,London EC1A 2BN,,"You’ll develop and manage data products, including flat tables that make it easy for reporting analysts using BI tools, and normalising data into schemas that…"
308,Internship- Data Science- London,Expedia Group,London EC1V 1NS,,"; implementation experience of MapReduce techniques, in-memory data processing, etc.You will use and manipulate large data sets to design algorithmic and…"
309,Senior Data Scientist - 5 Months FTC,Harnham,London,"£55,000 - £60,000 a year","As a Data Scientist, you will be working in the data science team that focuses on modelling complex business problems around improving customer experience…"
310,VP of Data Science,Harnham,London,"£80,000 - £180,000 a year",Experience building out a team/ data science function.Extensive hands-on experience in data science and machine learning.
311,Data Scientist | Python | R | Contract | London,GCS Recruitment Specialists Ltd,London,£500 - £600 a day,"You will have good experience working with large data sets.Any experience doing data engineering in the cloud would be ideal such as Azure, AWS or GCP for…"
312,"Research Scientist, Computer Vision, Applied Research (PhD)",Facebook,London,,Experience manipulating and analysing data from different sources.Devise better data-driven models of human behavior.Knowledge in a programming language.
313,Data Scientist,BSBI CONSULTING LTD,Watford,,"Interest and/or background in data engineering concepts (e.g. optimisation methods, data models and structures, algorithms)."
314,Senior Data Scientist,career moves group,London,,"We appreciate that as a result of COVID-19, it is a very uncertain time for a lot for people. Please know that the team at Career Moves are still working and…"
315,Senior Health Data Scientist,DirectTemping,Whitechapel,£21 an hour,"Contribute to outputs of data for use in a statistical package such as R or STATA and data visualisation.To understand the related metadata, codes, concepts…"
316,Lead Data Scientist,GSK,Brentford,,"Knowledge of the data landscape in healthcare (EHR, claims data, real world data, HEOR data) and/or Experience in healthcare/pharmaceutical)."
317,Senior NLP / ML Researcher,Nerdify,London,,"Lead research projects, mentor research engineers, and stay abreast of the latest technologie.Develop AI-platform tools by using a variety of NLP, Machine…"
318,Lead Big Data Engineer,CGI,London,,"Python, Spark for data pipelines.As the successful candidate you will offer a demonstrable track record in building scalable big data solutions with a view to…"
319,Data Science Engineer - London,Echobox,London,,"Working knowledge of big data architectures, i.e. NoSQL, Hadoop etc.You will assist in the customisation of the product for new customers and trial data…"
320,Staff ML Engineer - Media Understanding,Twitter,London,,"Strong computer science fundamentals, algorithms, and data structures background.The models you build will be closely integrated into production services in…"
321,"Deputy Director, Advanced Analytics",UK Government - Department for Transport,London,"£71,000 a year","Membership of the operational research or data science professions, with expertise spanning operational research, modelling and data science."
322,"Data Science Lead, Reliability Analytics",Google,London,,"Experience in working with large scale data systems for acquisition, storage, and management of complex data flow."
323,Lead Data Scientist - Open to Flexible Working,EY,London,,"Managing, coaching and mentoring a team of junior data scientists and apprentices.The ability to work and collaborate with an interdisciplinary team of…"
324,Data Science Writer,IQVIA,London,,"Knowledge of healthcare patient-level data.Experience with patient-level, longitudinal data.There will also be more typical data scientist responsibilities,…"
325,Senior Data Scientist / Software Engineer (Home Based),IQVIA,London,,Reproducible exploration of biomarker data.Understand and conceptualize the complex needs of our biomarker and clinical scientists.
326,Climate Analytics Consultant,Institutional Shareholder Services,London,,Manage the implementation of advisory mandates and bespoke data deliveries of ISS ESG Climate Solutions.The successful candidate will manage the implementation…
327,Data and ML Engineer,AWS EMEA SARL (UK Branch),London,,Hands on experience working on large-scale data science/data analytics projects.Ability to take Machine Learning models and implement them as part of data…
328,Lecturer/Senior Lecturer in Data Science (Databases),University of Greenwich,Greenwich,"£33,797 - £49,553 a year","Candidates will be expected to join one of our existing research teams relevant to their specialism, if applicable, or participating in projects jointly…"
329,Data Scientist - Insurance,Harnham,London,"£65,000 - £70,000 a year",Have a huge variety of very rich data to work with.As a business they focus their efforts on real-time machine learning for the good of the customer.
330,VP Applied AI - Digital & Platform Services Operations - CIB...,"JPMorgan Chase Bank, N.A.",London,,Hands-on experience analysing data.Research and analyse data sets using a variety of statistical and machine learning techniques.
331,Machine Learning Engineer,Dataseat,London,,"Ability to query large amounts of data, build models and derive insights for customers.Generating insight from campaign data using Python, Tableau, and other…"
332,Machine Learning Engineer - London,Echobox,London,,"Working knowledge of big data architectures, i.e. NoSQL, Hadoop etc.You will assist in the customisation of the product for new customers and trial data…"
333,Remote or Cambridge Based - Data Scientist / Machine Learnin...,GCS Recruitment Specialists Ltd,London,"£25,000 - £65,000 a year","Experience with working on large data sets and data preprocessing/wrangling.The brightest in the industry, location not being a factor they have gathered great…"
334,Senior Data Scientist,The Culture Trip,London,,"Experience in a technical leadership capacity, mentoring junior data scientists and leading technical development.50% off Pure Gym annual membership."
335,Computational Statistician (Home Based),IQVIA,London,,"Work on an R package to perform standard statistical analyses of clinical trials data.We are supporting interdisciplinary team in Biometrics that designs,…"
336,Leadership Partner - Data & Analytics (UK),Gartner,Egham,,"Provides advisory guidance to CDO s with regard to enterprise-wide data and information strategy, governance, control, policy development, and data optimization…"
337,Senior Applied Scientist - Information Retrieval and Natural...,Evi Technologies Limited,London,,"Ph.D. in Machine Learning, Natural Language Processing, Information Retrieval or a related discipline.Strong publication record at top academic conferences…"
338,Permanently Remote Data Scientist / Machine Learning Enginee...,GCS Recruitment Specialists Ltd,London,"£60,000 - £90,000 a year","Experience with working on large data sets and data preprocessing/wrangling.Strong organisational and self-starting skills, happy to work in a team and…"
339,Senior Data Scientist,Harnham US,London,"£55,000 - £75,000 a year",You will work across a vast array of complex projects and problems within applied data science and machine learning within a growing and talented team.
340,Senior Data Scientist/ Machine Learning Developer,Jewels Recruitment,London,,"3-4 years hands-on data science/ machine learning experience.Strong coding skills in Python.Good academic background in Computer Science, Mathematics, Physics…"
341,Machine Learning Engineer Internship,G-Research,London,,Knowledge of algorithm and data structure fundamentals.Experience and coursework in machine learning and data science.
342,Product Owner - FinCrime Data Science,Revolut,London,,"We are hosted on Google Cloud Platform and our data scientists and engineers rely heavily on DataFlow, Big Query, Apache Beam, Apache Flink & Airflow for their…"
343,"Assistant Manager/Manager, M&A Analytics, Transaction Servic...",Deloitte,London,,"Manipulate large data sets to provide compelling, value add outputs.Ability to ETL client data to facilitate analysis / visualization."
344,Machine Learning Engineer,LEGO,London,,"Experience with machine learning, data mining and/or statistical analysis.Leverage deep learning expertise to create new experiences and opportunities for LEGO…"
345,Customer Data Analytics Manager,Success Appointments,London,"£55,000 a year",Experience mining large and complex data sets.Experience using statistical and data science techniques to deliver business projects.
346,"Data Science Director, Community Integrity",Facebook,London,,"Inspire, lead and grow 25+ data scientists across multiple teams.The data science team partners as fellow product leads with product managers, software…"
347,Data Science Specialist - London,Echobox,London,,"Working knowledge of big data architectures, i.e. NoSQL, Hadoop etc.You will assist in the customisation of the product for new customers and trial data…"
348,ARTIFICIAL INTELLIGENCE SPECIALIST,DataSpartan Consulting,London EC2V 7RS,,Work closely with data scientists to solve difficult engineering and machine learning problems and produce high-quality code.
349,Decision Scientist,PayPal,Richmond upon Thames TW9 1EH,,Aggregate data from various sources to construct streamlined data pipelines and integrate data from multiple PayPal systems.
350,Data Science Consultant,Harnham,London,"£40,000 - £80,000 a year","You will be working in teams of highly skilled data scientists and collaborating on projects.As a Data Science Consultant, you will be working for a well…"
351,Machine Learning Engineer,STEM Graduates,London,"£32,000 a year",Created a data analytics database for computational chemistry as part of a wider data infrastructure for augmented drug discovery.
352,"IED, Quantitative Trading Analytics",Morgan Stanley,London,,"Using data-science techniques, you will be tasked with producing market intelligence and systematic content & signals, derived from a significant range of cross…"
353,Digital Analytics Account Director,Croud,London EC2A 4AA,,Collaborate effectively across the business to ensure analytics and data solutions sits at the heart of our offering.Experience with tracking mobile apps.
354,Data Science Lead,Harnham,London,"£75,000 - £80,000 a year","Mining large and complex data sets - both structured and unstructured data including efficient data extraction, transformation and application."
355,ML Engineer / Data Scientist,Venturi,London,"£55,000 - £65,000 a year","You will be applying NLP and other machine learning techniques to large amounts of data and performing analysis.Generous holidays, plus your birthday."
356,Real World Data Senior Biostatistician,IQVIA,London,,"Knowledge of real-world data needs of pharmaceutical clients.Proven experience working with large, individual-level data sets/ databases."
357,"Technical Recruiter, Data Science",Deliveroo,London,,"We’re offering permanent and contract roles based in the UK or remote across Europe where we have a local presence (Ireland, France, Spain, Poland and the…"
358,Analytics Industrial Placement,PA Consulting Group,London,,"Keen interest in analytics and data.Whether you build frameworks for managing data, providing in-depth analysis or modelling data, you could help clients…"
359,Data Science Engineer,G-Research,London,,Strong interest in the engineering surrounding data science and hands-on experience in building data processing pipelines including distributed ML and streaming…
360,"Manager, AI Risks and Ethics, Data Risk Analytics, London",Deloitte,London,,Proven ability to deliver complex data analytics and machine learning projects.Familiarity and competency with some of the key tools used in information…
361,Health analytics consultant,Lane Clark & Peacock,London,,"Managing a team of data scientists and healthcare professionals in the delivery of different phases of projects, co-ordinating data management and analysis."
362,"Software Engineer, Machine Learning & Program Analysis",Snyk,London,,Are interested in algorithms and data structures.We're looking for an experienced and collaborative software engineer to build the next generation of code…
363,AI/ML Engineer - Production,GSK,Brentford,,"They are expected to contribute to the team's output by training models, building data pipelines, and standing up services; but, they should be the strongest…"
364,AI/ML Engineer - NLP,GSK,Brentford,,This involves both leveraging state-of-the-art text processing models and developing new methods to derive actionable data for scientists.
365,"Algorithm & Software Developer (Machine Learning, Computer V...",Cubica,Woking GU21 5SB,,"You will be working on state of the art systems for processing imagery, video, sensor, and intelligence data.You will be working on application of state of the…"
366,Senior Data Science Manager,Deliveroo,London,,"Data scientists at Deliveroo report into our data science management team, and we have a strong, active data science community, with guest lecturers; a robust…"
367,Product Manager - Data Science (Routing),Harnham,London,"£80,000 - £90,000 a year","Proven commercial experience in AI, machine learning, data science and algorithm development.You will be involved in defining the product strategy and road map…"
368,Machine Learning Researcher,Brave Software Inc.,London,,"Basic data cleansing and preparation, variable preprocessing/transformation.Preparation of data sets for predictive modelling, robust predictive model building…"
369,Customer Data Scientist,Metrica Recruitment,West London,"£45,000 - £50,000 a year","In the role, you will be using SQL, Python and R, as well as cloud technologies, to draw upon your data science knowledge to utilise the vast amount of data at…"
370,Senior Python Developer - AI Technology - London,"JPMorgan Chase Bank, N.A.",London,,Working with Data Scientists on a wide variety of projects to deploy data science models and provide software engineering expertise throughout the model…
371,Data Scientist,Direct Line Group,Bromley,,Demonstrate and lead the “art of the possible” showcasing new capabilities and driving innovation within the immediate data science team and wider data science…
372,NLP Senior Data Scientist,Nicholson Glover Consulting,London,,Commercial experience across all stages of the data workflow.A commercial use of data tools such as NLTK and languages such as python.
373,Machine Learning Pipeline Developer,Automattic (Engineering),London,,"This position is for a top-tier Python Engineers who have knowledge or interest in Marketing or Product Analytics, experience working with data scientists, and…"
374,Machine Learning Researcher,G-Research,London,,We will also consider exceptional candidates with a proven record of success in online data science competitions (e.g. Kaggle).
375,Lead Data Scientist,Harnham US,London,"£60,000 - £75,000 a year",You will use your specialist knowledge in Machine Learning and Python/R to build innovative solutions and have the chance to learn and progress in new areas.
376,"Software Engineer, Machine Learning",Facebook,London,,"Develop highly scalable classifiers and tools leveraging machine learning, data regression, and rules based models."
377,Head of Data - Machine learning,Oho Group,London,,"Head of Data - Data platform - Machine Learning - Python.Head of Data required for leading Fintech firm, revolutionising insurance processes."
378,Machine Learning Engineer,causaLens,London W6 7JP,,"A successful candidate will also be able to showcase broader data science and software engineering skills.Your focus will be on feature engineering, machine…"
379,Sr. Data Lab Architect,AWS EMEA SARL (UK Branch),London,,"Hands on experience as a database, data warehouse, big data/analytics developer or administrator, or work as a data scientist."
380,Analyst - Specialist Bank Analytics,Investec,London,,"Support Data Governance by identifying and flagging data errors, data rules and improved data process needed to ensure we have a reliable and accurate data."
381,SENIOR STATISTICIAN,Bangura Solutions,London,,Proven analytical experience using both large-scale survey data and administrative data.Producing and analysing test admin-based series – additional years of…
382,AI/ML Consulting - Associates - Consultants,IQVIA,London,,"Able to collaborate with teams with a variety of technical and non-technical roles – in particular, connecting business owners, data scientists, data engineers,…"
383,Data Scientist,Rock Paper Click Talent,Wimbledon,,Work with existing resources on extraction of data from various databases and prepare the data in a in a machine learning ready format.
384,Data Science Consultant - Life Sciences,Metrica Recruitment,London,"£45,000 - £60,000 a year","Over 2 months years of data science experience.Working within their data science and analytics team, you will provide expertise and structured thinking,…"
385,"Executive Europe, Data & AI Solution Area Lead",Avanade,London,,"Knowledge of data science/AI practices and processes including building industry relevant data sets, machine learning, predictive analysis, exploratory data…"
386,Forensic Data Analytics - Senior Manager / Assistant Directo...,EY,London,,"Acting as a subject matter expert in areas such as financial crime, fraud and other imminent client issues advising clients to gain greater insight into their…"
387,Analytics and Data Science Lead,Harnham,West London,"£45,000 - £51,000 a year","This aviation brand are looking for someone with excellent SQL, Python and Tableau experience who is looking to manage a small team of Analysts."
388,Machine Learning Developer,ECM Selection,London,"£60,000 a year",This client seeks a Machine Learning Developer with experience of designing and developing using Deep Learning and Convolutional Neural Networks.
389,Principal Data Scientist - Private Equity,Harnham,London,"£80,000 - £110,000 a year",You'll be working with the CEO day to day acting as a consultant initially to one of their businesses but long-term you'll work with many more - this will…
390,Manager – Hospital Digital and Data Analytics Lead Developer...,KPMG,London,,"Developing and delivering data strategy, data operating model, data governance or data maturity programmes for public sector clients."
391,Senior Data Science Engineer,Babylon Health,London,,"To work alongside a team of researchers, data scientists and software engineers to help build data pipelines and model deployment / monitoring infrastructure…"
392,Customer & Marketing Analytics Manager,Blue Pelican,London,"£50,000 - £55,000 a year","Working as part of a team of data experts across customer analytics, product, marketing, finance and customer service, you will focus on delivering reports,…"
393,Machine Learning Team Lead,Shift F5,London,,"Ideally, you will have 3+ years’ experience in Machine Learning within a commercial environment and will be a confident self-starter."
394,Data Scientist - ML Labs,AWS EMEA SARL (UK Branch),London,,"Strong communication and data presentation skills.We’re looking for top ML data scientists capable of using ML and other techniques to design, evangelize, and…"
395,"Software Engineer - Policies, Machine Learning and...",Ava,Uxbridge UB8 1JG,,"You will work in our Reveal R&D team to develop functionality within our agent policy engine, working with Data Loss Prevention (DLP) and machine learning…"
396,Graph Data Science Product Manager - London,Neo4j,London,,Conduct market research into competing graph data science libraries and other data science platforms to understand differentiating features and potential…
397,"Software Engineer, PhD Intern/Co-op (Machine Learning - 2021...",Facebook,London,,"Research experience in a relevant field, such as machine learning, NLP, recommendation systems, pattern recognition, signal processing, data mining, artificial…"
398,"Head of Engineering (DevOps, Cloud, Data Analytics, Machine...",Linux Recruit,London,"£95,000 - £125,000 a year","Building a start up from scratch is exciting.We're looking for someone who can combine hands on technical experience with Cloud, DevOps, Data Analytics and…"
399,Senior Data Scientist,Nicholson Glover Consulting,London,,Commercial experience across all stages of the data workflow.Commercial use of data tools such as NLTK and languages such as python.
400,Lead Data Science & Analytics Consultant,Hitachi Solutions Ltd,London,,"Experience developing data warehouses & data marts using the Kimball methodology.Ability to model and transform data, build ETL solutions and present data in a…"
401,Data Engineer (Machine Learning),Simply Business,London,,"Support data scientists throughout the machine-learning lifecycle.The team is part of the Data and Analytics department, and includes a mix of data scientists…"
402,NLP Engineer,Modis,London,"£80,000 a year","They have an extremely rich data pool.They are looking for someone with extensive machine learning, natural language process / computational linguistics…"
403,"Data & AI Manager, Advisory",Avanade,London,,"Experience of advising and delivering data and AI projects e.g. data and analytics operating model design, data science, data governance, business case for data…"
404,Risk Analytics - Assistant Manager - Connected Technology,KPMG,London,,"Interpretation of data analytics results, and ability to derive insightful and quantifiable business insights using data analytics outputs;"
405,Research Intern (AI) - London,Facebook,London,,"Devise data-driven models of human behaviour.Ability to manipulate and analyse large scale, high-dimensionality data from varying sources."
406,Sales Account Manager - Data & Analytics,Harnham,London,"£35,000 - £60,000 a year","Working in a highly advanced analytics function alongside data scientists, sales teams and product managers.This niche company have multiple products and data…"
407,Machine Learning Lead – London,Beauhurst,London,,"If this sounds interesting, then read on...Making ML Ops decisions such as determining where models live and how they ‘fit in’ with what we’re doing already."
408,"Principal Analyst, Corporate Risk Analytics",Maplecroft,London,,"A robust data orientation, including a strong grasp of the fundamentals of probability, statistics, and financial analysis."
409,Analytics Lead/Head of Analytics,OLIVER,London,,"Excellent communication/data storytelling skills, ability to distill complex ideas for non-technical audiences."
410,Data Science Manager,Datatech Analytics,Wimbledon,,Lead a team of data scientists to achieve the business’ objectives.Be a thought leader for data science.Be an advocate for data science across internal and…
411,French Speaking Data Scientist - London - £110k + Benefits!,Lawrence Harvey,London,"£100,000 - £110,000 a year",Their product is an automated Machine Learning platform and can be cloud or on-prem based allowing organizations to produce accurate data-based predictions &…
412,Machine Learning Intern (10x Team),Ocado Group,Hatfield,,You will be required to obtain and interpret data from various sources and create products for internal and external consumption.
413,Biostatistician - Consultant,IQVIA,London,,"Proven experience working with large, individual-level data sets.Contribute to the development of study protocols, statistical analysis plans (SAPs),…"
414,Sr. Big Data Engineer (Python),GroupM Data & Technology,London,,"Experienced in data pipeline development.Minimum 4 year’s experience operating in the big data stack (Hive, Big Query, Hadoop, HDFS; Presto preferred) - data…"
415,Head of Analytics,Blue Pelican,London,"£85,000 a year",Ability to story tell and bring data to life through the delivery of actionable insights and engaging presentations.
416,Data Science Consultant,Capgemini,London,,Experience manipulating data and drawing insights from large data sets using Python/R/SQL.Experience visualizing data using Tableau/Power Bi.
417,Senior Big Data Advisory Consultant,AWS EMEA SARL (UK Branch),London,,"8+ years of related experience in data management and data architecture.Experience managing data operations, cloud computing, data strategy, data governance,…"
418,Machine Learning Engineer,Harnham,London,£400 - £450 a day,It will be valuable if you have experience with NoSQL databases such as MongoDB as this is where much of the data you will be using is stored.
419,"Manager-Senior Manager, Capital Markets, Data Risk Analytics...",Deloitte,London,,"Leading engagements delivering, working with or knowledge on a range of tools in addition to and complimentary to the aboveInformation management tools (e.g.…"
420,Machine Learning Engineer,Attest,London,,> A good understanding of data pipelines and database technologies.To achieve this we work with a number of techniques within data science and machine learning…
421,Principal Machine Learning Engineer,GSK,Brentford,,"Compile, integrate, and analyse data from multiple sources to enable the data scientists to answer business questions."
422,Machine Learning Engineer,Oho Group,London,"£40,000 - £100,000 a year",You will be building causal algorithms for time series using Python.Strong academic background with Masters or PHD in a machine learning/ computer science/…
423,FinTech Lead Data Scientist,Metrica Recruitment,London,"£65,000 - £75,000 a year","Will have at least 3 years of financial services based, data science experience.This is an opportunity for someone comfortable and capable of working in a…"
424,Lead Data Science Consultant,Harnham,London,"£90,000 - £120,000 a year","Technically strong when handling data.This role will be split into three parts, one part of this role will be teaching junior data scientists, you will also be…"
425,"Predictive Modeler (Actuary), London Market",Eames Consulting,London,"£80,000 - £100,000 a year","The suitable candidate will have 4+ years of London Market, Commercial Lines of Personal Lines Pricing experience and excellent programming and coding skills."
426,Data Science Director,Blue Pelican,London,"£75,000 - £95,000 a year","A background in data science; (possibly) data engineering, (definitely) machine learning and AI, ideally within a marketing environment."
427,Principal - Data Science EMEA,IQVIA,London,,Experience utilising large-scale healthcare databases populated with EMR data.Knowledge of real-world data needs of pharmaceutical clients.
428,Principal Machine Learning Engineer REMOTE,Sage,London,,Ability to write highly performant code taking care of large volumes of data.Design and implement services that use machine learning to augment and simplify…
429,Data Science Lead - VP,Harnham,London,"£80,000 - £130,000 a year",As a VP of Data Science you'll be responsible for building the Data Science function from scratch; as it's a new area of the business you'll need to get…
430,Deep Learning Engineer - Computer Vision,Client Server,London,"£65,000 - £80,000 a year","Deep Learning Engineer (AI ML Computer Vision PhD Neural Networks) *Remote Interview WfH*.Degree educated, having gone on to study at PhD level in a relevant…"
431,BIG DATA ARCHITECT,DataSpartan Consulting,London EC2V 7RS,,"Collaborate with our data scientists to map data fields to hypotheses and curate, wrangle, and prepare data for use in their advanced analytical models."
432,Quantitative Researcher in Natural Language Processing (NLP),G-Research,London,,This capability allows us to adapt to the demanding needs of the business to process and analyse large and varied data sets at speed.
433,"Internship in Quantitative Research (Data Science, Machine L...",G-Research,London,,"An interest in applying data science, machine learning & optimisation techniques to real-world problems.We pair this expertise with machine learning, big data,…"
434,Machine Learning Engineer,Eames Consulting,London,"£90,000 a year",This is a fantastic opportunity for those who have a passion and keen interest in the machine learning space.Eames Consulting is acting as an Employment Agency…
435,Senior AI/ML Engineer (Production),GSK,Brentford,,"Embed with AI/ML and data science project teams to provide deep expertise in software engineering, parallel computing, and big data tools."
436,Solution Architect (Data Science & AI),EPAM Systems,London,,"As a solution architect in Science IT, you'll be designing solutions that will form a part of our foundational data platform for science, aligned to our client…"
437,"Senior Manager, Advanced Data Insight Analytics",Expedia Group,London EC1V 4EX,,"Display a true passion for data, analytics, online marketing and travel and possess a strong commercial acumen."
438,"Applied Science Internship - Machine Learning, Automated Rea...",Amazon Dev Centre (London) Ltd,London,,"We are looking for smart scientists capable of using a variety of domain expertise combined with machine learning and statistical techniques to invent, design,…"
439,"Senior Machine Learning Engineer, AI & Machine Learning",IQVIA,London,,"Previous experience of owning, maintaining and enhancing software products used by data scientists, and supporting data scientists in their development needs."
440,"Machine Learning Engineer (Augmented Reality, Computer Visio...",Understanding Recruitment,London,"£75,000 - £90,000 a year","As a Machine Learning Engineer, you will have previous industry experience in Computer Vision with a relevant degree (e.g. Computer Science)."
441,Software Engineering Manager. Global Startup. Big Data,Michael Page UK,London,"£95,000 - £125,000 a year","Prior experience with customer data platforms.Have extremely strong written and spoken communication, with the ability to effectively change communication…"
442,Web / Google Analytics Specialist,DAZN Group,London,,"Own the tag management data layer and analytics data model, ensuring consistent approach and process is followed and maintaining documentation and instruction…"
443,Asset Management Research Technology - Data Science Analytic...,"JPMorgan Chase Bank, N.A.",London,,Experience building robust data pipelines for both structured and unstructured data.Responsibilities include building and operating highly sophisticated end-to…
444,Data & AI Offering Lead,Avanade,London,,"Working knowledge and experience of data science/AI practices and processes including building industry relevant data sets, machine learning, predictive…"
445,Lead Data Scientist,Metrica Recruitment,London,"£60,000 - £100,000 a year","Proven data science experience attained either in-house or consulting.Completely sector agnostic, this team aims to solve complex business problems using…"
446,Head of Data Science,Wade Macdonald,London,"£70,000 a year","Experience in leading and developing junior data scientist.Collect data, performed feature engineering and integrated multiple machine learning algorithms and…"
447,Analytics Director,Activision Blizzard,London,,"Conduct business analyis which links internal data across AB, external data from 3rd parties, and primary research in order to represent the consumer in…"
448,Deep Learning Engineer,Harnham,London,"£80,000 - £85,000 a year","£80,000 - £85,000 + Bonus + shares.Lead projects to maintain state-of-the-art research into machine learning, deep learning and NLP."
449,Snr Principal Data Science,IQVIA,London,,Experience utilising large-scale healthcare databases populated with EMR data.Knowledge of real-world data needs of pharmaceutical clients.
